File,Context,Folder,Title,Error
"spring-batch-pu.html","...com/latest/dev-java/elastic-processing-u...","C:\NEW_GH\xap-docs\site-flare\Content\solution-hub\",,""
"security-authorities-ext.html","...a href=""../dev-java/elastic-processing-u...","C:\NEW_GH\xap-docs\site-flare\Content\security\",,""
"elastic-processing-unit-overview.html","...<body>
        <h1>Elastic Processing U...","C:\NEW_GH\xap-docs\site-flare\Content\dev-java\",,""
"xap-tutorial-part5.html","...<h2><a name=""elastic-processing-u...","C:\NEW_GH\xap-docs\site-flare\Content\started\",,""
"admin-administration-api.html","...<div title="" ESM "" style=""padding...","C:\NEW_GH\xap-docs\site-flare\Content\admin\",,""
"admin-distributed-tracing.html","...0;</p>
        <h2>Elastic Grid</h2>...","C:\NEW_GH\xap-docs\site-flare\Content\admin\",,""
"admin-service-grid-container-information.html","...vVariablePrefix"" />_ESM_OPTIONS"": ""-Xmx5...","C:\NEW_GH\xap-docs\site-flare\Content\admin\",,""
"data-grid-clustering.html","...a href=""../dev-java/elastic-processing-u...","C:\NEW_GH\xap-docs\site-flare\Content\admin\",,""
"elastic-deploy-command-line-interface.html","...<body>
        <h1>Elastic Deployment w...","C:\NEW_GH\xap-docs\site-flare\Content\admin\",,""
"gsm-configuration.html","...dynamically via the ESM) where it is dow...","C:\NEW_GH\xap-docs\site-flare\Content\admin\",,""
"kubernetes-ie-eks.html","...id using the Amazon Elastic Container Se...","C:\NEW_GH\xap-docs\site-flare\Content\admin\",,""
"load-balancing-group-gigaspaces-browser.html","...a href=""../dev-java/elastic-processing-u...","C:\NEW_GH\xap-docs\site-flare\Content\admin\",,""
"logging-overview.html","...<h2><a name=""esm""></a>ESM</h2><pr...","C:\NEW_GH\xap-docs\site-flare\Content\admin\",,""
"lus-configuration.html","...ave a fully dynamic elastic environment...","C:\NEW_GH\xap-docs\site-flare\Content\admin\",,""
"memoryxtend-overview.html","...rted with the <code>ESM</code>.</li>...","C:\NEW_GH\xap-docs\site-flare\Content\admin\",,""
"metrics-bundled.html","...>gsm</code> | <code>esm</code> | <code>g...","C:\NEW_GH\xap-docs\site-flare\Content\admin\",,""
"orchestration.html","...i>
            <li>ElasticGrid  - Suppo...","C:\NEW_GH\xap-docs\site-flare\Content\admin\",,""
"scripts.html","...<td align=""left"">esm</td>...","C:\NEW_GH\xap-docs\site-flare\Content\admin\",,""
"the-runtime-environment.html","...<td align=""left"">esm</td>...","C:\NEW_GH\xap-docs\site-flare\Content\admin\",,""
"the-sla-overview.html","...ically by using the ESM. Rebalancing the...","C:\NEW_GH\xap-docs\site-flare\Content\admin\",,""
"the-sla-zones.html","...S=-Dcom.gs.zones=zoneSmall -Xmx1g
gs-ag...","C:\NEW_GH\xap-docs\site-flare\Content\admin\",,""
"tuning-communication-protocol.html","...gDetails().getServicesMonitoringDetails(...","C:\NEW_GH\xap-docs\site-flare\Content\admin\",,""
"upgrading-cli.html","...<h2><a name=""elastic-processing-u...","C:\NEW_GH\xap-docs\site-flare\Content\admin\",,""
"web-management-dump.html","...1)_ GSM(1)_ GSC(2)_ ESM(0)

Processing...","C:\NEW_GH\xap-docs\site-flare\Content\admin\",,""
"web-management-hosts-view.html","...nsole/icons/monitor_esm.png"" alt=""segmen...","C:\NEW_GH\xap-docs\site-flare\Content\admin\",,""
"gigaspaces-services-manager.html","..._files/dotnet/ServicesManager.jpg"" alt=""...","C:\NEW_GH\xap-docs\site-flare\Content\dev-dotnet\",,""
"product-structure.html","...ass=""tc-bold"">ServicesManager.exe</span>...","C:\NEW_GH\xap-docs\site-flare\Content\dev-dotnet\",,""
"xapnet-installation.html","...ass=""tc-bold"">ServicesManager.exe</span>...","C:\NEW_GH\xap-docs\site-flare\Content\dev-dotnet\",,""
"administration-and-monitoring-overview.html","...<div title="" ESM "" style=""padding...","C:\NEW_GH\xap-docs\site-flare\Content\dev-java\",,""
"custom-processing-unit-details-and-monitors.html","...Monitors[] getServicesMonitors() {...","C:\NEW_GH\xap-docs\site-flare\Content\dev-java\",,""
"deploying-onto-the-service-grid.html","...ic SLA enforcement: Elastic Processing U...","C:\NEW_GH\xap-docs\site-flare\Content\dev-java\",,""
"elastic-processing-unit-deploy.html","...over a running GSM_ ESM (managers) and r...","C:\NEW_GH\xap-docs\site-flare\Content\dev-java\",,""
"elastic-processing-unit-example.html","...It demonstrates the Elastic PU elasticit...","C:\NEW_GH\xap-docs\site-flare\Content\dev-java\",,""
"elastic-processing-unit-properties.html","...<h1><a name=""elastic-deployment-t...","C:\NEW_GH\xap-docs\site-flare\Content\dev-java\",,""
"elastic-processing-unit-provisioning.html","...-agent.bat --global.esm=1 --global.gsm=2...","C:\NEW_GH\xap-docs\site-flare\Content\dev-java\",,""
"elastic-processing-unit-trigger.html","...eploy(
        new ElasticStatefulProce...","C:\NEW_GH\xap-docs\site-flare\Content\dev-java\",,""
"jms-messages-in-gigaspaces.html","...</li>
<li><code>BytesMessage</code> â€“ t...","C:\NEW_GH\xap-docs\site-flare\Content\dev-java\",,""
"jms-space-interoperability.html","...mpl   (null);
GSBytesMessageImpl  bytes...","C:\NEW_GH\xap-docs\site-flare\Content\dev-java\",,""
"mule-processing-unit.html","...esb.mule.pu.OpenSpacesMuleContextLoader""...","C:\NEW_GH\xap-docs\site-flare\Content\dev-java\",,""
"task-execution-overview.html","...e the <a href=""/sbp/elastic-distributed-...","C:\NEW_GH\xap-docs\site-flare\Content\dev-java\",,""
"web-jetty-processing-unit-container.html","....selector.lowResourcesMaxIdleTime""&gt;50...","C:\NEW_GH\xap-docs\site-flare\Content\dev-java\",,""
"elasticgrid-overview.html","...lass=""tc-pagetitle"">ElasticGrid</h1>...","C:\NEW_GH\xap-docs\site-flare\Content\orchestration\",,""
"gigaops-stack-overview.html","...pan class=""tc-bold"">ElasticGrid</span> o...","C:\NEW_GH\xap-docs\site-flare\Content\orchestration\",,""
"caching-scenarios.html","...p>Data access layer elasticity: Scale ou...","C:\NEW_GH\xap-docs\site-flare\Content\overview\",,""
"product-architecture.html","...<h1><a name=""elastic-application-...","C:\NEW_GH\xap-docs\site-flare\Content\overview\",,""
"the-in-memory-data-grid.html","...p>Data access layer elasticity - Scale o...","C:\NEW_GH\xap-docs\site-flare\Content\overview\",,""
"the-runtime-environment.html","...sion.15-2-died"">The Elastic Service Mana...","C:\NEW_GH\xap-docs\site-flare\Content\overview\",,""
"production-failover-considerations.html","...p>When deploying an elastic PU_ GSCs are...","C:\NEW_GH\xap-docs\site-flare\Content\production\",,""
"production-jvm-tuning.html","...<p>ESM - Lightweight pr...","C:\NEW_GH\xap-docs\site-flare\Content\production\",,""
"production-virtualized-os.html","...com.vmware.vsphere.resmgmt.doc/GUID-94FC...","C:\NEW_GH\xap-docs\site-flare\Content\production\",,""
"securing-the-grid-services.html","...<h2><a name=""elastic-processing-u...","C:\NEW_GH\xap-docs\site-flare\Content\security\",,""
"kubernetes-on-demand.html","...d_ using the Amazon Elastic Container Se...","C:\NEW_GH\xap-docs\site-flare\Content\solution-hub\",,""
"xap-order-management-tutorial.html","...ts include dynamic (elastic) scaling_ a...","C:\NEW_GH\xap-docs\site-flare\Content\solution-hub\",,""
"common-environment-variables.html","...vVariablePrefix"" />_ESM_OPTIONS</td>...","C:\NEW_GH\xap-docs\site-flare\Content\started\",,""
