File,Context,Folder,Title
"kubernetes-azure-aks.html","...lass=""language-xml"">helm install insight...","C:\NEW_GH\xap-docs\site-flare\Content\admin\",
"kubernetes-config-gs-helm-chart.html","...ass=""language-bash"">helm install insight...","C:\NEW_GH\xap-docs\site-flare\Content\admin\",
"kubernetes-data-grid.html","...ass=""language-bash"">helm install gigaspa...","C:\NEW_GH\xap-docs\site-flare\Content\admin\",
"kubernetes-deploy-cluster.html","...on.15-5-died""><code>helm install insight...","C:\NEW_GH\xap-docs\site-flare\Content\admin\",
"kubernetes-deploy-pu.html","...ass=""language-bash"">helm install insight...","C:\NEW_GH\xap-docs\site-flare\Content\admin\",
"kubernetes-ie-eks.html","...lass=""language-xml"">helm install insight...","C:\NEW_GH\xap-docs\site-flare\Content\admin\",
"kubernetes-pvc.html","...then use the <code>helm install</code>...","C:\NEW_GH\xap-docs\site-flare\Content\admin\",
"kubernetes-scaling.html","...ass=""language-bash"">helm install insight...","C:\NEW_GH\xap-docs\site-flare\Content\admin\",
"kubernetes-space-based-remoting.html","...ass=""language-bash"">helm install insight...","C:\NEW_GH\xap-docs\site-flare\Content\admin\",
"kubernetes-spark-job.html","...ass=""language-bash"">helm install insight...","C:\NEW_GH\xap-docs\site-flare\Content\admin\",
"kubernetes-wan-gateway.html","...<p><code>helm install usmanag...","C:\NEW_GH\xap-docs\site-flare\Content\admin\",
"memoryxtend-rocksdb-ssd.html","...then use the <code>helm install</code>...","C:\NEW_GH\xap-docs\site-flare\Content\admin\",
"test-kubernetes-wan-gateway.html","...<p><code>helm install usmanag...","C:\NEW_GH\xap-docs\site-flare\Content\admin\",
"grafana-influxdb-ie-kubernetes.html","...on.15-5-died""><code>helm install --name...","C:\NEW_GH\xap-docs\site-flare\Content\solution-hub\",
"kubegrid-minishift.html","...on.15-5-died""><code>helm install gigaspa...","C:\NEW_GH\xap-docs\site-flare\Content\solution-hub\",
"kubernetes-on-demand.html","...ass=""language-bash"">helm install insight...","C:\NEW_GH\xap-docs\site-flare\Content\solution-hub\",
"old-kubernetes-wan-gateway.html","...ass=""language-bash"">helm install gigaspa...","C:\NEW_GH\xap-docs\site-flare\Content\Z-David\",
"test-kubernetes-wan-gateway.html","...<p><code>helm install usmanag...","C:\NEW_GH\xap-docs\site-flare\Content\Z-David\",
